run,run_label,id,step_idx,full_flip_same_step,selective_flip,full_mass_shift_same_step,selective_mass_shift,mass_shift_gap_selective_minus_full,full_efficacy_same_step,selective_efficacy,question,cot_step
last_top1,Last-step top1,9-227,4,True,True,0.43983951423120776,0.4398395142254915,-5.716260798038775e-12,93.4556133252925,93.55707463636479,The surface of the moon contains,"Step 5: The moon's surface is characterized by its rugged terrain, craters, and high peaks."
last_top1,Last-step top1,359,4,True,True,0.5565427994169356,0.538458029409824,-0.018084770007111617,83.28832317797944,83.28832317797944,What is a more comfortable color to have for your automobile upholstery if living in a desert?,"Step 5:  Therefore, the best answer is (A): ecru."
last_top1,Last-step top1,7-157,4,True,True,0.7962083269466693,0.7921118008000622,-0.00409652614660716,79.8418698987313,79.8418698987313,Ocean water contains,"Step 5:  Therefore, the correct answer is (B): scant amounts of sodium chloride."
last_top1,Last-step top1,9-163,5,True,True,0.11658029841558454,0.12049405203983671,0.00391375362425217,93.97102847802987,93.97102847802987,A Mola Mola might live where?,Step 6: Option (C) Bay of Bengal is a possibility
last_top1,Last-step top1,8-35,10,False,False,-0.033967152538283085,-0.023640018223313852,0.010327134314969233,99.98511393612355,99.98511393612355,which of these would stop a car quicker?,The dry surface
last_top1,Last-step top1,530,11,False,False,-0.031529701492547524,-0.030901106258027222,0.0006285952345203016,87.23666718783187,87.03567394211096,"When it's flying, a plane has no friction with the","Clouds are made up of water droplets or ice crystals suspended in the air, and the plane is not in contact with the clouds, so"
last_top1,Last-step top1,591,9,False,False,-0.015042511617979093,-0.014032106220091323,0.0010104053978877703,92.84041916981849,92.61314967800327,"When looking for good soil for plants, typically what is optimal?","Compact and hard (D) soil would be difficult for roots to grow, making it less suitable for plant growth."
last_top1,Last-step top1,508,4,False,False,0.2652548029920716,0.23827600662897663,-0.02697879636309497,96.52430247327771,96.52430247327771,"To improve health, what is a good strategy?","Therefore, the best answer is D."
last_top1,Last-step top1,1129,4,False,False,-0.006307172038688358,-0.02960634676297308,-0.02329917472428472,88.05670317332803,88.05670317332803,There is most likely going to be fog around:,"Step 5: Deserts are extremely dry, making it highly unlikely for fog to occur."
last_top1,Last-step top1,8-308,5,False,False,-0.15222963066457418,-0.17250112819877172,-0.020271497534197547,97.47691417534179,97.55454136530511,Some blind people have demonstrated bat-like skills by:,The best answer is D.
last_top1,Last-step top1,7-414,3,False,False,0.08534636810175189,0.08628711771242659,0.000940749610674696,82.62260565495548,82.62260565495548,"As gasoline costs rise, alternative fuels are being used, which means that","Step 4: Therefore, the correct answer is that gasoline will be needed less."
last_top1,Last-step top1,9-794,7,False,False,-0.01499536440863758,-0.011603295653996981,0.003392068754640598,91.05488399129757,91.05488399129757,As the rain forest is deforested the atmosphere will increase with,Step 8: The increased carbon dioxide levels will also contribute to
last_top1,Last-step top1,8-257,5,False,False,-0.01751949556406196,-0.010993879602584578,0.006525615961477382,92.9788979985012,92.9788979985012,Which of these is a hypothesis?,"Step 6:  Therefore, the ice caps melting is a hypothesis."
last_top1,Last-step top1,1582,6,False,False,-0.01790023098349608,-0.017900246425560595,-1.544206451598029e-08,73.9134413873715,73.9134413873715,A tool used to identify the percent chance of a trait being passed down has at least,"Step 7:  Therefore, the correct answer is"
last_top1,Last-step top1,7-1122,2,False,False,-0.11451919459479248,-0.11451915980209892,3.479269355954884e-08,80.15439273860949,79.8418698987313,The lowest temperature on the trip was at,"Step 3:  Therefore, the lowest temperature on the trip was at the plain."
last_top1,Last-step top1,7-49,2,False,False,0.4106414277929422,0.40722986882595646,-0.0034115589669857505,91.91876113231778,91.91876113231778,A rabbit may enjoy,"- Meat, compost, and pebbles are not suitable for rabbits as a food source."
last_top1,Last-step top1,7-1044,4,False,False,-3.526162062628124e-05,-0.001968874316516822,-0.0019336126958905409,99.70564089576207,99.68665636460669,are explosions safe?,The best answer is (A).
last_top1,Last-step top1,9-271,6,False,False,0.10517911204082586,0.10507596585253609,-0.00010314618828977107,90.84275667822239,91.12449543634658,what system is needed for a body to get its needed supply of the gas humans breathe in?,The best answer is A.
last_top1,Last-step top1,1309,5,True,True,0.5190153517251663,0.5193823917326463,0.00036704000748000176,91.9816498321198,91.9816498321198,They studied the soil by using,"- A microscope is used to study small objects or samples, which could include soil, but it's not the most direct or common method for studying soil."
last_top1,Last-step top1,1923,7,False,False,-0.12968212633677578,-0.12968212365499476,2.681781019475693e-09,96.8353413888964,96.8353413888964,When trying to pull a rose out of the ground why do you encounter resistance?,(C): plant temperature - Plant
last_top1,Last-step top1,9-298,0,False,False,-0.32444016049298535,-0.3007782500590879,0.023661910433897426,99.32092066276287,99.32092066276287,An example of conservation is avoiding the use of,The best answer is (A): gasoline.
last_top1,Last-step top1,1672,15,False,False,0.12788222304005092,0.12788222602385002,2.9837990966896655e-09,71.90367075410067,71.90367075410067,Squirrels spend their fall,"Therefore, the correct answer is (C): stockpiling pecans for the frigid months."
last_top1,Last-step top1,163,5,False,False,-9.13647067203871e-05,-9.138651357615268e-05,-2.180685576558261e-08,90.09865916361737,90.09865916361737,The transportation with the most mass is likely a,"Step 6:  Based on these considerations, commercial"
last_top1,Last-step top1,9-675,7,False,False,0.005374344099264183,0.005374343868142617,-2.3112156632976166e-10,73.50263786431033,73.50263786431033,"A person wants to be able to have more natural power in their home. They choose to cease using a traditional electric company to source this electricity, and so decide to install",The best answer is C.
last_top1,Last-step top1,9-1180,11,False,False,-0.0004920247495574515,-0.0004758730736587058,1.6151675898745665e-05,95.67442453948122,95.67442453948122,Mosquitoes enjoy all the people at a BBQ in the summer for what reason?,Taking food is not a relevant factor in mosquitoes' attraction to humans at a BBQ.
last_top1,Last-step top1,8-41,5,False,False,0.007567399442925615,0.007567399442925615,0.0,98.22478740783714,98.22478740783714,Tadpoles start their lives as,They undergo metamorphosis to become adult frogs.
last_top1,Last-step top1,7-891,3,True,True,0.3253131171333868,0.3253978907445791,8.477361119230142e-05,79.92045900016946,79.92045900016946,A recyclable material can be,"(D): used more times - This is not a good option because recyclable materials are meant to be recycled, not used more times."
last_top1,Last-step top1,8-53,11,False,False,-0.009491102807207552,-0.009491105068692773,-2.261485221310977e-09,95.50211320221104,95.35933494870397,the dashboard reading in a jaguar would likely be set to which of these?,Width is not typically related to a car's performance or status.
last_top1,Last-step top1,1272,6,True,True,0.41219484268010925,0.4149371063355718,0.00274226365546254,92.22834853162153,92.22834853162153,Inherited behavior is exhibited when,"Step 7: However, bears taking a long winter sleep is an example of"
last_top1,Last-step top1,8-125,3,True,True,0.507536528143766,0.5084827767032855,0.0009462485595194137,80.83996812836007,80.83996812836007,"A prisoner is kept in a stone room, unable to see the sun. The prisoner knows that he needs vitamin D to survive, so he","Step 4: The prisoner needs to find another way to get vitamin D.
Step 5: Milk is a source of vitamin D.
Step 6: Therefore, the prisoner should ask for milk."
last_top1,Last-step top1,132,3,True,True,0.2560201498270076,0.2657736682226291,0.009753518395621497,80.30883247958059,80.61411573567048,What would happen when balloons heat up?,"So, the correct answer is (A): they get bigger."
last_top1,Last-step top1,1426,5,False,False,0.003578977169530706,0.0035789772850436385,1.1551293255251949e-10,96.78550526731239,96.68346625110897,To grow plants require,"So, what type of light do plants need to grow?"
last_top1,Last-step top1,8-464,1,True,True,0.21439603981861494,0.2160016576949415,0.0016056178763265705,92.46745711008072,92.22834853162153,An electric car runs on electricity via,"Electricity is generated at power stations, so the correct answer is related to power stations."
last_top1,Last-step top1,1702,3,False,False,-0.016157627123742135,-0.022447455416787387,-0.006289828293045252,79.68376772484682,79.68376772484682,How can we see that the coloration of fur is an inherited characteristic?,"(D) is a characteristic of baby rats, but it doesn't tell us anything about the inheritance of fur coloration."
last_top1,Last-step top1,8-466,8,False,False,-0.12409702515522003,-0.14589085442196692,-0.02179382926674689,95.24928474843205,95.24928474843205,What is the best way to guess a babies eye color?,Genetics play a much more significant role in determining eye color.
last_top1,Last-step top1,1180,6,False,False,0.003878993249823548,0.0016472951893246046,-0.0022316980604989434,99.30481676036152,99.30481676036152,What is different about birth in humans and chickens?,"In humans, birth is a process where a baby"
last_top1,Last-step top1,7-52,3,False,False,0.014836942540541465,0.017026030348526233,0.0021890878079847687,95.35933494870397,95.50211320221104,Human reproduction requires,- The correct answer is related to the development of the embryo inside the mother's body.
last_top1,Last-step top1,1189,3,False,True,0.4713699171613142,0.502482401396201,0.031112484234886828,93.9945332104692,93.9945332104692,What can feathers on Spheniscidae be used for?,"- However, the basic principle of feathers being used for insulation and possibly other supportive functions remains the same."
last_top1,Last-step top1,1674,4,True,True,0.5970143285014171,0.5873002327389379,-0.009714095762479169,80.38560106644474,80.38560106644474,A girl and her mom have the same,"Step 5: Between (A) date of birth and (D) hair length, both are physical characteristics that can be shared between a girl and her mom, but the date of birth is a more significant and unique"
last_top1,Last-step top1,7-671,5,True,True,0.6869014954614285,0.6822265262692673,-0.00467496919216126,86.14553330092446,85.70574531881294,"If a UFO is flying overhead and looks small, then large, then","Therefore, the correct answer is (C): the UFO is approaching."
last_top1,Last-step top1,9-409,5,False,False,-0.4196819608347927,-0.4301368661156124,-0.010454905280819715,88.51424368960568,88.51424368960568,Every evening a child can look into the night sky and see that the moon is,"Step 6: Therefore, the correct answer is that the moon is not moving upwards, but rather it is in a constant orbit around the Earth."
last_top1,Last-step top1,8-63,5,True,True,0.3886790589343972,0.38857780985250934,-0.00010124908188785531,84.66450331550716,84.66450331550716,Beak shape can influence a bird's ability,Step 6: Mating with its partner is also not directly related to the
last_top1,Last-step top1,9-149,5,False,False,0.021457187456888405,0.039087710739044934,0.01763052328215653,96.30013924192961,96.52430247327771,"When the eggs hatch, the offspring are","The correct term for the offspring of eggs hatching is ""born""."
last_top1,Last-step top1,8-343,4,False,False,0.06373208973195865,0.07537600034700631,0.011643910615047659,93.50654214644392,93.30041766772024,"A person wants to start saving money so that they can afford a nice vacation at the end of the year. After looking over their budget and expenses, they decide the best way to save money is to",The best answer is B.
last_top1,Last-step top1,326,7,False,False,-0.02974440432657477,-0.029744404250057643,7.65171259686781e-11,94.08763934315263,94.08763934315263,December 21st through March 20 is a three month period which is an example of what?,"- Autumn is a season, but the question asks for an example of what"
last_top1,Last-step top1,7-988,7,False,False,0.16645857681382764,0.18246749979451027,0.016008922980682627,77.42396521311974,77.42396521311974,Plant growth may cause,"Therefore, the most appropriate answer is (A): an uptick in the number of leaves."
last_top1,Last-step top1,1759,8,False,False,-0.004965363799533162,-0.005030482597839447,-6.511879830628509e-05,85.25199696757207,85.25199696757207,Thermometers,"So, (D) is incorrect."
last_top1,Last-step top1,695,3,False,False,0.050319217292296714,0.050319217292296714,0.0,86.5717904293102,86.5717904293102,Some berries may be eaten by,"- Wolves also eat berries, but the most common and well-known predator of berries among the options given is a bear."
last_top1,Last-step top1,1577,11,True,True,0.8938828246955911,0.8944529024437767,0.0005700777481856267,97.16321835502869,97.16321835502869,What animal eats plants?,"Therefore, the correct answer is the bird that eats plants."
last_top1,Last-step top1,9-350,7,False,False,-0.29687712297147606,-0.29687712413308576,-1.161609697319932e-09,89.62348389557117,89.62348389557117,The salamander could eat a large amounts of what?,"This leaves us with option (B), which is a more plausible food"
last_top1,Last-step top1,880,11,False,False,0.16920502552447625,0.1692050234328073,-2.0916689491556895e-09,97.94071736650012,97.94071736650012,Predators eat,Grass is a plant and is not eaten by predators.
last_top1,Last-step top1,7-238,8,True,True,0.37078168196208594,0.3639199930137396,-0.006861688948346323,82.34895151281381,82.89201718286574,Shining a light through a diamond can,(C): This choice
last_top1,Last-step top1,7-511,5,True,True,0.07501517723942125,0.07213924003950745,-0.002875937199913803,85.01974971358183,85.01974971358183,It's easier for human's to survive in:,"Step 5: Surviving alone (D) is difficult for humans, as they need social interaction and support to cope with the challenges of"
last_top1,Last-step top1,788,2,False,False,0.14515089579129026,0.14515089002892345,-5.762366805939223e-09,81.21055669129983,81.21055669129983,Owls are likely to hunt at,"Step 3: Among the given options, 2am falls within the late evening to early morning hours, making it the most likely time for owls to hunt."
last_top1,Last-step top1,9-368,5,True,True,0.51562774127723,0.4987670925466009,-0.01686064873062909,87.86862361533731,88.05670317332803,Birds carrying away fruit helps the tree,"- The most direct benefit the tree receives from birds carrying away fruit is through the process of fertilization, as the fruit is a result of the tree's reproduction process, and the seeds are dispersed, which can lead to new growth and reproduction."
last_top1,Last-step top1,8-393,6,False,False,0.04162771086832828,0.04621260348340295,0.004584892615074665,87.62935365576423,88.0099584312134,"A construction group wants to put a shopping center in town, but the only place available is a small nature park with a trail. Deer and other wildlife frequent the park, since it is the only place in the city where trees and fresh water are available for them. The construction group decides to build the shopping center, which means that",Step 7: The destruction of the nature park and its trail will result in the destruction of the wildlife environment.
last_top1,Last-step top1,8-93,3,True,True,0.23543974385403865,0.2507805594771089,0.01534081562307027,82.89201718286574,83.15725187218158,Over a period of time the weather can change,Step 4: The only option that fits the description of changing over time is the weather.
last_top1,Last-step top1,1032,3,False,False,-0.27573716253662006,-0.2717166855459532,0.004020476990666877,69.26252217876483,69.26252217876483,Which requires energy to move?,"- Poison ivy (D) is a type of plant, and as mentioned, plants do not require energy to move."
last_top1,Last-step top1,1204,5,False,False,0.005853732479221829,0.007057458924810245,0.0012037264455884156,95.2678060319506,95.19328482036607,Which of these situations is an example of pollutants?,"Step 3:  Conclusion:  Only option (A) represents a pollutant, as it is a man-made object that can harm the environment."
last_top1,Last-step top1,7-140,3,True,True,0.39674996561404674,0.3967499673554514,1.7414046871166988e-09,89.21013048572325,89.37741190744127,A person can see,"(D): an abstract idea - Abstract ideas are concepts, not visual things."
last_top1,Last-step top1,7-664,4,False,False,0.3354089066419944,0.3653830655143765,0.029974158872382084,80.76497788389526,80.76497788389526,If bacon is left too long on a hot stove top,"Step 5: Therefore, the correct answer is that the bacon will be bacteria laden if it is left too long on a hot stove top."
last_top1,Last-step top1,9-29,7,False,False,0.1872578273108565,0.18723141406129307,-2.6413249563428387e-05,95.3229377616041,95.3229377616041,What could be a positive aspect of a tree being cut down?,"This is a negative aspect because the tree was providing shade, and now the sun will"
last_top1,Last-step top1,758,4,False,False,0.030332036468599388,0.032563081988960185,0.002231045520360797,94.1793019990428,94.35838604962227,A positive effect of burning biofuel is,The best answer is C.
last_top1,Last-step top1,9-655,3,False,False,0.017925795841935432,0.011375015231690488,-0.006550780610244944,94.63772172549265,94.80270168383701,"if the earth was a living room, what can be done to melt the glaciers?",Step 4: How do these things relate to melting glaciers?
last_top1,Last-step top1,7-942,7,False,False,0.04765224980094729,0.05035663460927109,0.002704384808323801,89.37741190744127,89.37741190744127,Cold-blooded animals are often,"Looking at the options, we can see that ""slow"" is the characteristic that matches the description of cold-blooded animals."
last_top1,Last-step top1,8-395,2,False,False,-0.10562175984008249,-0.10685750181675469,-0.0012357419766722,99.8039145634595,99.8039145634595,Overpopulation can cause,Let's analyze the options given:
last_top1,Last-step top1,9-540,4,False,False,-0.03657686706705099,-0.010278582608351683,0.026298284458699306,83.80248742026966,84.0536065769052,"If a person puts out four apples around their home on the same day, the molecules in which apple would be moving the most rapidly?","Step 5: Therefore, the apple sitting on a sunny sidewalk would have molecules moving the most rapidly."
last_top1,Last-step top1,378,7,False,False,-0.2413293940058241,-0.24118138079319595,0.0001480132126281397,86.1995467477727,86.1995467477727,What explains the characteristic lunar formations?,"Option (C) ""volcanic explosions over millions of years"" is a plausible explanation, as the Moon is thought to have had a volcanic past, with numerous volcanic eruptions occurring over its history."
last_top1,Last-step top1,7-391,4,False,False,0.023368985692159394,0.027282416515621355,0.003913430823461961,90.84275667822239,91.12449543634658,Animals are drawn to,- Carbon dioxide is not a common attractant for animals in the wild.
last_top1,Last-step top1,266,4,False,False,0.1689044721722447,0.16890446014815585,-1.202408883571593e-08,98.42109323606888,98.46967109025846,What is used for sensing visual things?,"- Nerves are related to the sense of touch, not sight."
last_top1,Last-step top1,1618,4,False,False,0.0111663290739068,0.0005961813668180493,-0.01057014770708875,90.69855107893365,90.40329139550015,The chance of wildfires is increased by,"- Careful fire maintenance is a way to prevent wildfires, not increase the risk."
last_top1,Last-step top1,9-229,3,False,False,-0.07155806681147803,-0.07159137466536858,-3.33078538905518e-05,84.66450331550716,84.66450331550716,A bat flew through the sky without hitting anything due to which of these?,(D) Surfaces to reflect sound off would not affect a bat's ability to fly.
last_top1,Last-step top1,9-1164,3,False,False,0.4377295363851468,0.4591387214096587,0.021409185024511945,87.38536451909708,87.18671291561655,A cheetah that runs all day will find it has lost a lot of,- The most relevant consequence of a cheetah running all day would be related to its energy expenditure and need for replenishment.
last_top1,Last-step top1,7-1197,9,False,False,0.11771849478216578,0.12252854837170801,0.004810053589542229,88.33336934633189,88.33336934633189,Bill's arm got cold when he put it inside the,"Therefore, the correct answer is (A): refrigerator."
last_top1,Last-step top1,7-903,5,False,False,-0.061187791536415626,-0.06896506588146123,-0.007777274345045604,86.0368713718601,86.0368713718601,The main component in dirt is,"Step 6:  Therefore, the most appropriate answer is microorganisms, as they are a primary component of dirt."
last_top1,Last-step top1,1215,6,False,False,0.03780930149813899,0.04765622196159647,0.009846920463457476,80.53824152993387,80.53824152993387,A fallen leaf,(D) is incorrect because a fallen leaf is no longer attached to a tree and will not continue to grow.
last_top1,Last-step top1,8-201,13,True,True,0.5338711627398114,0.5209065898826981,-0.012964572857113277,81.13701688946043,81.71736986789908,A red-tailed hawk is searching for prey. It is most likely to swoop down on,"A gecko is a small reptile that might be preyed upon by a hawk, but it is not the most likely prey for a red-tailed"
last_top1,Last-step top1,889,5,True,True,0.6938238989865251,0.693823898322844,-6.63681110069092e-10,91.39756600416064,91.39756600416064,An animal that only eats plants is a,"Step 6: Based on the criteria, the correct answer is the moth, as it primarily eats plants."
random_top1,Random top1,9-227,1,False,False,-0.033885491301514525,-0.06512496144736524,-0.031239470145850712,80.46207036095238,80.76497788389526,The surface of the moon contains,Step 2: We know that the moon is a natural satellite that orbits the Earth.
random_top1,Random top1,359,3,True,True,0.7458031916324305,0.7439757847848266,-0.0018274068476038519,81.9303689606251,81.9303689606251,What is a more comfortable color to have for your automobile upholstery if living in a desert?,"Step 4:  Among the given options, ecru (a light beige color) is known for its ability to reflect sunlight and heat, making it a more comfortable choice for a desert environment."
random_top1,Random top1,7-157,1,False,False,-0.13007703037015528,-0.1344467337302787,-0.004369703360123434,87.91591936968007,87.91591936968007,Ocean water contains,"Step 2:  The primary components of ocean water are hydrogen and oxygen, not sodium (Na) or chloride (Cl)."
random_top1,Random top1,9-163,4,False,False,-0.34172369256674584,-0.3417236937955981,-1.2288522421854964e-09,82.00081577585891,82.00081577585891,A Mola Mola might live where?,"Step 5: We can also eliminate (B) The Mississippi River, as it is a freshwater river, and Mola Mola are not typically found in rivers."
random_top1,Random top1,8-35,5,False,False,-0.16043148036840305,-0.14858483322406923,0.01184664714433381,92.75602429657485,92.8683317302242,which of these would stop a car quicker?,"**Effect of Wet Brake Pads**: When brake pads are wet, they lose their effectiveness."
random_top1,Random top1,530,1,False,False,0.04078507147107202,0.0437976964366652,0.0030126249655931803,84.42300438268767,84.17770239505016,"When it's flying, a plane has no friction with the","When a plane is flying, it is moving through the air."
random_top1,Random top1,591,7,False,False,-0.01611587612908061,-0.016115876143508734,-1.4428125361121147e-11,87.58093631492906,87.58093631492906,"When looking for good soil for plants, typically what is optimal?","Grainy and bitter (C) soil would be harmful to plants, as it would be difficult for them to absorb water and nutrients."
random_top1,Random top1,508,2,True,True,0.6412036869356424,0.6665265315915816,0.025322844655939147,89.46007754381357,89.46007754381357,"To improve health, what is a good strategy?","In contrast, a high-risk lifestyle (A) and restaurant food (B) are generally associated with negative health outcomes."
random_top1,Random top1,1129,2,False,False,0.0378907097394075,0.03212462834267865,-0.0057660813967288505,90.02100198496345,90.02100198496345,There is most likely going to be fog around:,"Step 3: Tundras are cold and dry, making it less likely for fog to occur."
random_top1,Random top1,8-308,4,True,True,0.26990715788924524,0.27157701107501353,0.0016698531857682886,83.67544875460415,83.67544875460415,Some blind people have demonstrated bat-like skills by:,Step 5: The correct answer is related to using sound to 'see'.
random_top1,Random top1,7-414,3,False,False,0.08534636810175189,0.08628711771242659,0.000940749610674696,82.62260565495548,82.62260565495548,"As gasoline costs rise, alternative fuels are being used, which means that","Step 4: Therefore, the correct answer is that gasoline will be needed less."
random_top1,Random top1,9-794,1,False,False,0.3513219421561542,0.35132195223998797,1.0083833767993156e-08,81.64581367674809,81.64581367674809,As the rain forest is deforested the atmosphere will increase with,"Step 2: When the rainforest is deforested, the trees that produce oxygen through photosynthesis are cut down."
random_top1,Random top1,8-257,0,True,True,0.6612236819723392,0.6612236819723392,0.0,91.08975769366243,91.08975769366243,Which of these is a hypothesis?,Step 1:  A hypothesis is a proposed explanation for a phenomenon.
random_top1,Random top1,1582,6,False,False,-0.01790023098349608,-0.017900246425560595,-1.544206451598029e-08,73.9134413873715,73.9134413873715,A tool used to identify the percent chance of a trait being passed down has at least,"Step 7:  Therefore, the correct answer is"
random_top1,Random top1,7-1122,1,False,False,-0.07351955894563883,-0.07351957144352755,-1.2497888723927986e-08,90.55207457189076,90.55207457189076,The lowest temperature on the trip was at,"Step 2:  Among the options given, the plain is typically the lowest elevation."
random_top1,Random top1,7-49,0,True,True,0.7454557683817742,0.7455620246166826,0.00010625623490845282,96.14523204870059,96.08452828633422,A rabbit may enjoy,"- Rabbits are herbivores, which means they primarily eat plants."
random_top1,Random top1,7-1140,2,False,False,0.0592146641901109,0.04173908205737453,-0.017475582132736367,83.02515256139138,83.02515256139138,The summer solstice in the northern hemisphere is four months before,"Step 3:  In the northern hemisphere, the summer solstice typically occurs around June 20 or 21."
random_top1,Random top1,7-1044,3,False,False,0.379027041454727,0.4039253375074692,0.024898296052742186,99.06452870139563,99.03483365476032,are explosions safe?,"So, explosions are not safe."
random_top1,Random top1,9-271,4,False,False,-0.035079654346902966,-0.03509850071255183,-1.884636564886133e-05,94.65862726728336,94.65862726728336,what system is needed for a body to get its needed supply of the gas humans breathe in?,"The central nervous system controls the body's functions, but it doesn't supply oxygen."
random_top1,Random top1,1309,2,True,True,0.608116521016601,0.6075881804571799,-0.000528340559421081,96.52430247327771,96.52430247327771,They studied the soil by using,- Plants are often used in soil studies because they can help indicate the soil's fertility and quality.
random_top1,Random top1,1923,0,False,False,-0.22348437994514714,-0.214582246224035,0.008902133721112149,94.923096969658,94.923096969658,When trying to pull a rose out of the ground why do you encounter resistance?,(A): roots - Roots are the underground structures of a plant that anchor it in the soil and absorb water and nutrients.
random_top1,Random top1,9-298,0,False,False,-0.32444016049298535,-0.3007782500590879,0.023661910433897426,99.32092066276287,99.32092066276287,An example of conservation is avoiding the use of,The best answer is (A): gasoline.
random_top1,Random top1,163,1,True,True,0.25984939957523345,0.2700414351427237,0.010192035567490265,80.68969413591216,80.68969413591216,The transportation with the most mass is likely a,"Step 2:  Commercial planes are designed to carry large numbers of passengers and cargo, making them a strong candidate for the mode with the most mass."
random_top1,Random top1,9-675,0,False,False,0.00905841888393144,0.007775653283747519,-0.0012827656001839216,82.52048609874389,82.79148084362684,"A person wants to be able to have more natural power in their home. They choose to cease using a traditional electric company to source this electricity, and so decide to install",Step 1: The person wants to have more natural power in their home.
random_top1,Random top1,1184,0,False,False,0.04757901818007637,0.051681746036390974,0.004102727856314603,89.60319745802943,89.60319745802943,Seeds provide new plants with,"Seeds contain the embryo of a new plant, which has the potential to grow into a mature plant."
random_top1,Random top1,8-41,1,False,False,-0.20909653023082142,-0.21299091164389472,-0.0038943814130733,93.9945332104692,93.9945332104692,Tadpoles start their lives as,Tadpoles are the larval stage of frogs.
random_top1,Random top1,7-891,1,True,True,0.2709543408594972,0.2673972418880388,-0.0035570989714583945,95.3229377616041,95.17447186907204,A recyclable material can be,"(B): traded - This is not a good option because trading refers to exchanging goods or services, not the process of recycling."
random_top1,Random top1,8-53,5,False,False,-0.05473113426939746,-0.05473113916215555,-4.892758087571281e-09,90.25216522500516,90.09865916361737,the dashboard reading in a jaguar would likely be set to which of these?,"The options provided are calories, volume, kilometers, and width."
random_top1,Random top1,1272,5,True,True,0.3868105578989529,0.39220875366934627,0.005398195770393355,90.55207457189076,90.55207457189076,Inherited behavior is exhibited when,"Step 6: Rats navigating through a maze is a learned behavior, as they use their sense of smell and problem-solving skills to find the path."
random_top1,Random top1,8-125,3,True,True,0.507536528143766,0.5084827767032855,0.0009462485595194137,80.83996812836007,80.83996812836007,"A prisoner is kept in a stone room, unable to see the sun. The prisoner knows that he needs vitamin D to survive, so he","Step 4: The prisoner needs to find another way to get vitamin D.
Step 5: Milk is a source of vitamin D.
Step 6: Therefore, the prisoner should ask for milk."
random_top1,Random top1,132,1,True,False,0.21486010113092685,0.18800286269123434,-0.02685723843969251,90.40329139550015,90.25216522500516,What would happen when balloons heat up?,This increased movement causes the molecules to spread out and move away from each other.
random_top1,Random top1,1426,2,False,False,0.014033998766993294,0.014033998766993294,0.0,96.95657755641199,96.95657755641199,To grow plants require,"However, when it comes to sunlight, plants require more than just any old light."
random_top1,Random top1,8-464,0,False,False,-0.3169630228821243,-0.3072777355060219,0.009685287376102414,96.31456363203735,96.31456363203735,An electric car runs on electricity via,"Electric cars run on electricity, which is a form of energy."
random_top1,Random top1,1702,1,True,True,0.7908956756360075,0.7908956787718907,3.1358832197625475e-09,85.01974971358183,84.54422552430152,How can we see that the coloration of fur is an inherited characteristic?,"(B) is a good clue, but it doesn't tell us how the coloration of fur is inherited."
random_top1,Random top1,1180,6,False,False,0.003878993249823548,0.0016472951893246046,-0.0022316980604989434,99.30481676036152,99.30481676036152,What is different about birth in humans and chickens?,"In humans, birth is a process where a baby"
random_top1,Random top1,7-52,3,False,False,0.014836942540541465,0.017026030348526233,0.0021890878079847687,95.35933494870397,95.50211320221104,Human reproduction requires,- The correct answer is related to the development of the embryo inside the mother's body.
random_top1,Random top1,1189,2,False,False,-0.043869626760086544,-0.043803336529314785,6.629023077175944e-05,82.34895151281381,82.07098794498813,What can feathers on Spheniscidae be used for?,"- Since Spheniscidae are flightless, the primary function of their feathers might be different from that of flying birds."
random_top1,Random top1,1674,2,False,False,0.09897762477663408,0.09468405738249153,-0.00429356739414255,89.903372714123,90.05990641128251,A girl and her mom have the same,"Step 3: Considering the options, we can eliminate (B) shirt because it's unlikely that a girl and her mom would have the same shirt."
random_top1,Random top1,7-671,3,False,False,-0.016618464638251562,-0.016618452950311724,1.168793983818972e-08,97.94071736650012,98.00407483243194,"If a UFO is flying overhead and looks small, then large, then","If it then looks large, it is likely to be moving closer."
random_top1,Random top1,9-409,0,False,False,0.00843058193758639,0.008430582805938891,8.68352501015579e-10,93.60721387932924,93.60721387932924,Every evening a child can look into the night sky and see that the moon is,Step 1: The question asks about the moon's position in the night sky.
random_top1,Random top1,8-63,5,True,True,0.3886790589343972,0.38857780985250934,-0.00010124908188785531,84.66450331550716,84.66450331550716,Beak shape can influence a bird's ability,Step 6: Mating with its partner is also not directly related to the
random_top1,Random top1,8-343,4,False,False,0.06373208973195865,0.07537600034700631,0.011643910615047659,93.50654214644392,93.30041766772024,"A person wants to start saving money so that they can afford a nice vacation at the end of the year. After looking over their budget and expenses, they decide the best way to save money is to",The best answer is B.
random_top1,Random top1,326,1,False,False,0.0055403960069121405,0.0022070212899656383,-0.0033333747169465022,91.33009627811923,91.33009627811923,December 21st through March 20 is a three month period which is an example of what?,"It mentions a specific period of time, December 21st through March 20th."
random_top1,Random top1,7-988,3,True,True,0.2916442563352744,0.2813416120194099,-0.010302644315864529,89.94273573350856,89.78435686666057,Plant growth may cause,"The growth of plants is a natural process that occurs over time, and it is not typically associated with a rapid decline in leaves."
random_top1,Random top1,1759,7,False,False,-0.001230809612785877,-0.001230809373735653,2.390502240601222e-10,73.9134413873715,73.9134413873715,Thermometers,"(D): Thermometers are used for people of all ages, not just babies."
random_top1,Random top1,695,1,True,True,0.7526464246926009,0.7508407641216536,-0.0018056605709473317,95.74148637112124,95.99949666886207,Some berries may be eaten by,"- Bears are known to eat berries, and so are humans."
random_top1,Random top1,9-350,6,True,True,0.6001785062498315,0.6001785077833578,1.5335263059412796e-09,88.37885322877915,88.7363983266053,The salamander could eat a large amounts of what?,"Option (D) is not a plausible food source for salamanders either, as they do not eat insects with six legs."
random_top1,Random top1,7-238,2,False,False,-0.09184417164763758,-0.12294691709468575,-0.031102745447048163,90.09865916361737,90.09865916361737,Shining a light through a diamond can,"This bending of light doesn't create multiple bright lights; rather, it spreads the light out in different directions."
random_top1,Random top1,7-511,2,True,True,0.38842443120441145,0.3839076247633804,-0.004516806441031029,87.91591936968007,87.91591936968007,It's easier for human's to survive in:,"Step 2: A cave (A) provides basic shelter and protection from the elements, but it lacks the social interaction and community that humans need to thrive."
random_top1,Random top1,788,2,False,False,0.14515089579129026,0.14515089002892345,-5.762366805939223e-09,81.21055669129983,81.21055669129983,Owls are likely to hunt at,"Step 3: Among the given options, 2am falls within the late evening to early morning hours, making it the most likely time for owls to hunt."
random_top1,Random top1,9-368,0,False,False,-0.1874449731672635,-0.19307680789538173,-0.005631834728118235,97.52571507276188,97.44717283804768,Birds carrying away fruit helps the tree,- Birds carrying away fruit helps the tree in a specific way.
random_top1,Random top1,8-393,0,False,False,0.06639485998714734,0.06639485998714734,0.0,85.98222123159245,85.98222123159245,"A construction group wants to put a shopping center in town, but the only place available is a small nature park with a trail. Deer and other wildlife frequent the park, since it is the only place in the city where trees and fresh water are available for them. The construction group decides to build the shopping center, which means that",Step 1: The construction group wants to build a shopping center in the town.
random_top1,Random top1,8-93,0,True,True,0.18946140564258662,0.17925022846858052,-0.010211177174006103,92.72767217730197,92.72767217730197,Over a period of time the weather can change,Step 1: The question is about the weather changing over time.
random_top1,Random top1,1032,0,True,False,0.0872984878489203,0.05770212152676113,-0.029596366322159173,95.62343602474063,95.62343602474063,Which requires energy to move?,"- Weasel (A) is an animal, and animals generally require energy to move."
random_top1,Random top1,1204,2,False,False,0.0006877793708209845,0.002141844658960057,0.0014540652881390725,87.77347605110441,87.77347605110441,Which of these situations is an example of pollutants?,(B): Mallard ducks floating on a lake are natural animals that are part of the ecosystem.
random_top1,Random top1,7-140,1,True,True,0.21825102042419908,0.21825102042419908,0.0,91.66223507384336,91.66223507384336,A person can see,"(B): an emotion - Emotions are feelings, not visual things."
random_top1,Random top1,7-664,0,False,False,-0.01213951549376191,-0.012115439600986044,2.4075892775865526e-05,92.92383081300706,93.14154165118899,If bacon is left too long on a hot stove top,Step 1: Bacon is a type of meat that can be cooked on a stove top.
random_top1,Random top1,9-29,1,True,True,0.5154863222013095,0.5058787675526109,-0.009607554648698668,88.95425610396357,88.95425610396357,What could be a positive aspect of a tree being cut down?,This is a positive aspect because the plants will be able to grow more and receive more sunlight.
random_top1,Random top1,758,1,False,False,-0.003312037748942509,-0.003312037402756207,3.4618630184724e-10,93.03353664775798,93.03353664775798,A positive effect of burning biofuel is,"Step 2: We know that biofuel is a renewable energy source, so we can expect some positive effects."
random_top1,Random top1,9-655,1,False,False,-0.03900782539361203,-0.03922967614698747,-0.00022185075337544102,95.95234000151656,95.95234000151656,"if the earth was a living room, what can be done to melt the glaciers?",Step 2: What is the purpose of an air conditioner?
random_top1,Random top1,7-942,1,False,False,0.1010497371124095,0.10076115409943409,-0.00028858301297540745,90.98472657691836,90.98472657691836,Cold-blooded animals are often,The question is about the characteristics of cold-blooded animals.
random_top1,Random top1,8-395,0,False,False,-0.07634770346365882,-0.10466063989928298,-0.02831293643562416,93.68169209356077,93.68169209356077,Overpopulation can cause,Overpopulation means having too many people living in a given area.
random_top1,Random top1,9-540,4,False,False,-0.03657686706705099,-0.010278582608351683,0.026298284458699306,83.80248742026966,84.0536065769052,"If a person puts out four apples around their home on the same day, the molecules in which apple would be moving the most rapidly?","Step 5: Therefore, the apple sitting on a sunny sidewalk would have molecules moving the most rapidly."
random_top1,Random top1,7-391,1,True,True,0.5120576904829877,0.5044631125074602,-0.007594577975527428,98.05031038914021,98.05031038914021,Animals are drawn to,- Feeders are typically used to lure animals towards a specific area for feeding.
random_top1,Random top1,266,1,False,False,0.3099213231186624,0.30992132341736256,2.9870017570488017e-10,94.78236003336916,94.78236003336916,What is used for sensing visual things?,- The cornea is the transparent layer at the front of the eye that helps focus light.
random_top1,Random top1,1618,4,False,False,0.0111663290739068,0.0005961813668180493,-0.01057014770708875,90.69855107893365,90.40329139550015,The chance of wildfires is increased by,"- Careful fire maintenance is a way to prevent wildfires, not increase the risk."
random_top1,Random top1,9-229,0,False,False,0.23843446267340718,0.23843446267340718,0.0,96.74761382060034,96.74761382060034,A bat flew through the sky without hitting anything due to which of these?,"(A) A rainy sky would make flying more difficult, not easier."
random_top1,Random top1,9-1164,1,False,False,0.02720168480467411,0.02919479614449383,0.0019931113398197198,87.96303073535098,87.77347605110441,A cheetah that runs all day will find it has lost a lot of,"- The key phrase here is ""runs all day,"" which implies the cheetah is using a lot of energy."
random_top1,Random top1,7-903,4,False,False,0.16663887090947238,0.1998710683102659,0.03323219740079353,88.33336934633189,88.33336934633189,The main component in dirt is,"Step 5:  Bacteria are a type of microorganism, but the question asks for the main component, not a specific type."
random_top1,Random top1,1215,2,False,False,0.009883134984040032,0.007343283751671148,-0.0025398512323688838,82.21051262373308,82.21051262373308,A fallen leaf,(B) is incorrect because a fallen leaf will not become bright green.
random_top1,Random top1,889,0,True,True,0.39494545130774034,0.4215191559099903,0.026573704602249948,84.90225815440854,84.90225815440854,An animal that only eats plants is a,Step 1: We are looking for an animal that only eats plants.
