run,run_label,id,question,step_idx,n_steps_in_cot,cot_step,options,correct,before_pred_idx,after_pred_idx,before_pred,after_pred,before_correct,after_correct,prediction_flipped,efficacy_pct,cot_efficacy_pct,specificity_pct,original_answer_mass_shift,correct_mass_shift,total_variation,entropy_before,entropy_after,entropy_delta,before_original_prob,after_original_prob,before_correct_prob,after_correct_prob,before_probs_sum,after_probs_sum,before_A,after_A,delta_A,before_B,after_B,delta_B,before_C,after_C,delta_C,before_D,after_D,delta_D
full,Full FUR,508,"To improve health, what is a good strategy?",1,5,"A spa trip (D) is a good strategy because it often involves relaxation, exercise, and healthy eating, which can all contribute to improved health.",A): high risk lifestyle | B): restaurant food | C): business trip | D): a spa trip,D,3,0,D,A,True,False,True,91.56395213930173,63.28383721443427,95.0,0.9271545400868616,0.9271545400868616,0.9271545400868616,0.3040739426637481,0.5553074992265429,0.2512335565627948,0.936347680843392,0.00919314075653048,0.936347680843392,0.00919314075653048,1.0,1.0,0.02827525005257223,0.8275400764996165,0.7992648264470442,0.022020787410825256,0.1438049037809045,0.12178411637007924,0.013356281693210485,0.019461878962948573,0.006105597269738089,0.936347680843392,0.00919314075653048,-0.9271545400868616
full,Full FUR,266,What is used for sensing visual things?,3,5,"- Tibia is a bone in the leg, not related to the senses.",A): nerves | B): tibia | C): nostril | D): cornea,D,3,2,D,C,True,False,True,96.09216822871508,46.89040089646548,100.0,0.9255890799934536,0.9255890799934536,0.9582893396531207,0.24109529614214412,0.16344389208170174,-0.07765140406044238,0.9513751811271057,0.02578610113365214,0.9513751811271057,0.02578610113365214,1.0,0.9999999999999999,0.028729040015140324,0.004480952743713601,-0.024248087271426723,0.010568824537645143,0.0021166521494047842,-0.008452172388240359,0.009326954320108773,0.9676162939732295,0.9582893396531207,0.9513751811271057,0.02578610113365214,-0.9255890799934536
full,Full FUR,1189,What can feathers on Spheniscidae be used for?,1,4,- The primary function of feathers in birds is to provide insulation and support during flight.,A): keeping warm | B): flying | C): sleeping | D): eating,A,1,0,B,A,False,True,True,92.04404912817724,58.63820262955893,95.0,0.9247205763729979,-0.8527403317176272,0.9247205763729978,0.21817351906833787,0.47913665326684646,0.2609631341985086,0.9550179581199579,0.030297381746960093,0.03267891616775787,0.8854192478853851,1.0,1.0,0.03267891616775787,0.8854192478853851,0.8527403317176272,0.9550179581199579,0.030297381746960093,-0.9247205763729979,0.0072916515996140465,0.03433142968577998,0.027039778086165932,0.005011474112670171,0.04995194068187486,0.04494046656920469
full,Full FUR,1577,What animal eats plants?,7,12,"Birds are known to eat plants, including fruits, leaves, and seeds.",A): eagles | B): robins | C): owls | D): leopards,B,1,3,B,D,True,False,True,95.80750850542988,48.42377497446437,95.0,0.8996571592811843,0.8996571592811843,0.9009609117855945,0.3529346383205205,0.28656819428644076,-0.06636644403407976,0.9217861968056074,0.022129037524423096,0.9217861968056074,0.022129037524423096,1.0,1.0,0.02456477118756896,0.025075484995712154,0.0005107138081431942,0.9217861968056074,0.022129037524423096,-0.8996571592811843,0.013148573337436803,0.011844820833026586,-0.0013037525044102168,0.040500458669386924,0.9409506566468382,0.9004501979774513
full,Full FUR,1577,What animal eats plants?,11,12,"Therefore, the correct answer is the bird that eats plants.",A): eagles | B): robins | C): owls | D): leopards,B,1,0,B,A,True,False,True,97.16321835502869,46.786569846213375,100.0,0.8938828246955911,0.8938828246955911,0.8938828246955912,0.3529346383205205,0.6059078224716765,0.252973184151156,0.9217861968056074,0.02790337211001621,0.9217861968056074,0.02790337211001621,1.0,1.0,0.02456477118756896,0.8154560236395595,0.7908912524519905,0.9217861968056074,0.02790337211001621,-0.8938828246955911,0.013148573337436803,0.014935599473093456,0.0017870261356566532,0.040500458669386924,0.14170500477733086,0.10120454610794394
full,Full FUR,9-794,As the rain forest is deforested the atmosphere will increase with,4,8,Step 5: The atmosphere will increase in carbon dioxide levels because the trees that absorb carbon dioxide during photosynthesis are cut down.,A): oxygen | B): nitrogen | C): carbon | D): rain,C,2,0,C,A,True,False,True,90.40329139550015,50.39962912665585,95.0,0.8754633371926329,0.8754633371926329,0.8754633371926329,0.4092224821238179,0.52524811627061,0.11602563414679207,0.9052028411525466,0.029739503959913642,0.9052028411525466,0.029739503959913642,1.0,1.0,0.045067394797732634,0.8691156892133803,0.8240482944156478,0.03509852195358171,0.038186277269531776,0.0030877553159500692,0.9052028411525466,0.029739503959913642,-0.8754633371926329,0.0146312420961391,0.06295852955717429,0.04832728746103519
full,Full FUR,7-903,The main component in dirt is,2,6,"Step 3:  Among the options provided, microorganisms are known to be a significant component of dirt, as they contribute to decomposition and nutrient cycling.",A): microorganisms | B): broken stones | C): pollution | D): bacteria,B,0,1,A,B,False,True,True,82.75783761062472,49.52003948770541,100.0,0.8451102618262063,-0.8670003712277858,0.8676281716125931,0.4980703096331515,0.21595466018355114,-0.2821156494496004,0.8649964525831653,0.019886190756958962,0.0911699565514011,0.958170327779187,1.0,1.0,0.8649964525831653,0.019886190756958962,-0.8451102618262063,0.0911699565514011,0.958170327779187,0.8670003712277858,0.005828300219574002,0.006456100604381154,0.0006278003848071518,0.03800529064585964,0.015487380859472875,-0.022517909786386764
full,Full FUR,7-903,The main component in dirt is,3,6,Step 4:  Broken stones and pollution are not typically considered main components of dirt.,A): microorganisms | B): broken stones | C): pollution | D): bacteria,B,0,1,A,B,False,True,True,88.05670317332803,38.871226136454936,100.0,0.8391956955871833,-0.8769963308793567,0.8769963308793567,0.4980703096331515,0.15995259966122807,-0.3381177099719235,0.8649964525831653,0.025800756995981937,0.0911699565514011,0.9681662874307578,1.0,1.0,0.8649964525831653,0.025800756995981937,-0.8391956955871833,0.0911699565514011,0.9681662874307578,0.8769963308793567,0.005828300219574002,0.004483499544396416,-0.0013448006751775859,0.03800529064585964,0.0015494560288638658,-0.03645583461699577
full,Full FUR,7-157,Ocean water contains,3,5,"Step 4:  Ocean water does contain sodium and chloride ions, but in very small amounts compared to the overall composition of the water.",A): copious amounts of seltzer | B): scant amounts of sodium chloride | C): scant amounts of carbonation | D): copious amounts of the combination of Na and Cl,D,3,1,D,B,True,False,True,82.75783761062472,52.113096149628845,95.0,0.8236028886843872,0.8236028886843872,0.824670972955192,0.49939210213067864,0.09240876188139518,-0.40698334024928345,0.8281650346308392,0.004562145946452038,0.8281650346308392,0.004562145946452038,1.0,0.9999999999999999,0.00383516535951738,0.0027670810887125774,-0.0010680842708048026,0.16307535063396153,0.9851490674012395,0.822073716767278,0.004924449375681816,0.007521705563595812,0.002597256187913995,0.8281650346308392,0.004562145946452038,-0.8236028886843872
full,Full FUR,9-29,What could be a positive aspect of a tree being cut down?,0,8,"(A) If a tree is cut down, the plants that were under the tree will have access to more light.",A): the plants that were under the tree will have access to more light | B): the squirrels that were in that tree will have an easier time getting to their home | C): Plants under the tree will get cooled off by the shade | D): The sun will shine brighter than before,A,0,3,A,D,True,False,True,86.72823380943798,37.17667410321091,80.0,0.803262297205672,0.803262297205672,0.803262297205672,0.48963887662616384,0.8578800639568596,0.3682411873306957,0.8657912296736372,0.06252893246796526,0.8657912296736372,0.06252893246796526,0.9999999999999999,1.0,0.8657912296736372,0.06252893246796526,-0.803262297205672,0.07106847057274261,0.2473067714961401,0.17623830092339748,0.0004225886214798559,0.017914839622820606,0.01749225100134075,0.06271771113214035,0.672249456413074,0.6095317452809337
full,Full FUR,8-257,Which of these is a hypothesis?,2,6,"Step 3:  Gravity causing objects to fall is a fundamental principle of physics, not a proposed explanation.",A): The ice caps will completely melt if global warming continues | B): The earth is round | C): The earth revolves around the sun | D): Gravity causes objects to fall,A,0,2,A,C,True,False,True,86.93399347262284,42.686880392851926,100.0,0.8010721059265554,0.8010721059265554,0.8594630596491181,0.6849389305243558,0.2679094735584771,-0.41702945696587873,0.8082846403121948,0.0072125343856394054,0.8082846403121948,0.0072125343856394054,1.0,1.0,0.8082846403121948,0.0072125343856394054,-0.8010721059265554,0.07518218457698822,0.028526128563445913,-0.04665605601354231,0.08519257605075836,0.9446556356998763,0.859463059649118,0.031340599060058594,0.019605701351038337,-0.011734897709020257
full,Full FUR,7-157,Ocean water contains,4,5,"Step 5:  Therefore, the correct answer is (B): scant amounts of sodium chloride.",A): copious amounts of seltzer | B): scant amounts of sodium chloride | C): scant amounts of carbonation | D): copious amounts of the combination of Na and Cl,D,3,1,D,B,True,False,True,79.8418698987313,27.54942820630322,100.0,0.7962083269466693,0.7962083269466693,0.7978688111523546,0.49939210213067864,0.2972649490845498,-0.20212715304612883,0.8281650346308392,0.03195670768416988,0.8281650346308392,0.03195670768416988,1.0,1.0,0.00383516535951738,0.0021746811538320573,-0.0016604842056853228,0.16307535063396153,0.9339119034778282,0.7708365528438667,0.004924449375681816,0.03195670768416988,0.027032258308488065,0.8281650346308392,0.03195670768416988,-0.7962083269466693
full,Full FUR,1702,How can we see that the coloration of fur is an inherited characteristic?,1,4,"(B) is a good clue, but it doesn't tell us how the coloration of fur is inherited.",A): puppies have soft fur | B): kittens look like their parents | C): all mammals are born with fur | D): baby rats are mostly bald,B,1,2,B,C,True,False,True,85.01974971358183,54.39515613501873,100.0,0.7908956756360075,0.7908956756360075,0.7908956756360074,0.36701826843711566,1.0945027286739426,0.7274844602368269,0.9067174500955716,0.11582177445956415,0.9067174500955716,0.11582177445956415,1.0,1.0,0.004198935213626116,0.21638361303569328,0.21218467782206718,0.9067174500955716,0.11582177445956415,-0.7908956756360075,0.07442789285652125,0.5881915469396283,0.513763654083107,0.014655721834281083,0.07960306556511426,0.06494734373083318
full,Full FUR,9-271,what system is needed for a body to get its needed supply of the gas humans breathe in?,2,7,"The digestive system is involved in breaking down food, not supplying oxygen.",A): the circulatory system | B): the digestive system | C): the school system | D): central nervous system,A,0,1,A,B,True,False,True,93.9945332104692,54.216663822838576,90.0,0.7842549292956573,0.7842549292956573,0.7962453587768232,0.4330776174708923,0.2998422422968261,-0.1332353751740662,0.8692596551727368,0.08500472587707952,0.8692596551727368,0.08500472587707952,1.0,1.0,0.8692596551727368,0.08500472587707952,-0.7842549292956573,0.11764150047165245,0.9138868592484757,0.7962453587768232,0.0006995219255195722,0.00016409771596133756,-0.0005354242095582345,0.01239932243009111,0.000944317158483451,-0.011455005271607659
full,Full FUR,7-903,The main component in dirt is,1,6,"Step 2:  We know that dirt is a mixture of various substances, including organic and inorganic materials.",A): microorganisms | B): broken stones | C): pollution | D): bacteria,B,0,1,A,B,False,True,True,78.87446103638977,40.287272657837256,95.0,0.7711610302783648,-0.7991157870768287,0.7991157870768287,0.4980703096331515,0.4009002286680259,-0.09717008096512564,0.8649964525831653,0.09383542230480049,0.0911699565514011,0.8902857436282299,1.0,1.0,0.8649964525831653,0.09383542230480049,-0.7711610302783648,0.0911699565514011,0.8902857436282299,0.7991157870768287,0.005828300219574002,0.004671790706691007,-0.0011565095128829948,0.03800529064585964,0.011207043360278656,-0.026798247285580987
full,Full FUR,1180,What is different about birth in humans and chickens?,1,7,"Step 2: Consider the options - We have four options: Mother, Fertilization, Father, and the hard shell.",A): Mother | B): Fertilization | C): Father | D): the hard shell,D,1,3,B,D,False,True,True,76.97869282526385,42.57483131881479,90.0,0.7548011556290934,-0.679306271756132,0.7548011556290934,0.4077875464487576,0.7940692540931282,0.38628170764437064,0.9014225895980286,0.1466214339689351,0.06529884253205684,0.7446051142881889,1.0,1.0,0.014570138892116826,0.08893039706626389,0.07436025817414707,0.9014225895980286,0.1466214339689351,-0.7548011556290934,0.01870842897779775,0.019843054676612126,0.0011346256988143746,0.06529884253205684,0.7446051142881889,0.679306271756132
full,Full FUR,695,Some berries may be eaten by,1,4,"- Bears are known to eat berries, and so are humans.",A): a bear or person | B): a bear or shark | C): a bear or lion | D): a bear or wolf,A,0,1,A,B,True,False,True,95.74148637112124,65.44092474230254,90.0,0.7526464246926009,0.7526464246926009,0.7526464246926008,0.7267987619068974,0.6594396361768322,-0.0673591257300652,0.7667592139290302,0.014112789236429293,0.7667592139290302,0.014112789236429293,1.0,1.0,0.7667592139290302,0.014112789236429293,-0.7526464246926009,0.0713197139228891,0.7705321936701692,0.6992124797472801,0.010937232483412204,0.020533986466132054,0.00959675398271985,0.15098383966466844,0.1948210306272694,0.04383719096260097
full,Full FUR,359,What is a more comfortable color to have for your automobile upholstery if living in a desert?,3,5,"Step 4:  Among the given options, ecru (a light beige color) is known for its ability to reflect sunlight and heat, making it a more comfortable choice for a desert environment.",A): ecru | B): red | C): black | D): navy,A,0,2,A,C,True,False,True,81.9303689606251,55.364497569687984,95.0,0.7458031916324305,0.7458031916324305,0.7458031916324304,0.6541147400285655,0.9623046914897477,0.3081899514611822,0.8009574771355454,0.05515428550311498,0.8009574771355454,0.05515428550311498,1.0,1.0,0.8009574771355454,0.05515428550311498,-0.7458031916324305,0.04518693515003928,0.10304177398917416,0.057854838839134885,0.1391855391495916,0.6719167728436474,0.5327312336940557,0.014670048564823653,0.16988716766406345,0.1552171190992398
full,Full FUR,7-49,A rabbit may enjoy,0,3,"- Rabbits are herbivores, which means they primarily eat plants.",A): meat | B): compost | C): peas | D): pebbles,C,2,0,C,A,True,False,True,96.14523204870059,66.30735511092392,85.0,0.7454557683817742,0.7454557683817742,0.7921003020607339,0.5197984092115706,0.582847969196046,0.06304955998447537,0.8721140623092651,0.12665829392749092,0.8721140623092651,0.12665829392749092,1.0,1.0,0.03381553292274475,0.8259158349834786,0.7921003020607339,0.055752385407686234,0.041119926750061986,-0.014632458657624248,0.8721140623092651,0.12665829392749092,-0.7454557683817742,0.03831801936030388,0.006305944338968435,-0.03201207502133544
full,Full FUR,7-49,A rabbit may enjoy,1,3,"- Among the options provided, peas are a type of plant that rabbits can eat.",A): meat | B): compost | C): peas | D): pebbles,C,2,0,C,A,True,False,True,92.75602429657485,69.79810831521678,95.0,0.7317405641078949,0.7317405641078949,0.7317405641078949,0.5197984092115706,1.2364783434052748,0.7166799341937042,0.8721140623092651,0.14037349820137024,0.8721140623092651,0.14037349820137024,1.0,1.0,0.03381553292274475,0.3815746605396271,0.3477591276168823,0.055752385407686234,0.3815746605396271,0.32582227513194084,0.8721140623092651,0.14037349820137024,-0.7317405641078949,0.03831801936030388,0.09647718071937561,0.05815916135907173
